random_id,participant_id,n
p2mpwwhb0pg,p73,297
p2snqdorn1d,cheetah,297
p309nparx8z,cricket,297
p3n3sb3ybyu,A17689315,297
p4bc8wto6fd,parrot,297
p598gq2jz0d,gazelle,297
p5ha5q5q3xr,trex,297
p7th3x7jkkh,panda,297
p896h9bd2pd,lion,297
p8uams6pc6o,Beaver,297
p8zhmqtka09,camel,297
pbtj1l4nxbp,hedgehog,297
pe4d1dwqoxs,penguin,297
pelerdu4wf2,otter,297
pgaqm62pgz0,A17922543,297
ph8yy58z5nz,manatee,297
pht22x40vxj,  	 antelope,297
pj2jmtf25zx,moose,297
pjga672uojm,axolotl,297
pkgr5vfo76d,porcupine,297
plxqhc69kn8,pelican,297
pmzasujfyt4,flamingo,297
pn6xyglvp42,dolphin,297
pnm61m43x0q,kangaroo,297
pnu5fcemr86,koala,297
ppugwffqk5s,eagle,297
pqhwqgxrbya,falcon,297
ptap87z4jcs,gorilla,297
ptsspplls8p,squirrel,297
purc2c07up1,turtle,297
pxfxcvaxbv7,leopard,297
pxobfx9afl8,jaguar,297
pxoffsmob58,heron,297
pyhdcx2mcqu,shark,297
pyppsqhkjns,tiger,297
pzeayncdz0u,badger,297
pzxd42gxq7x,seal,297
